BEGIN;
BEGIN
SET client_min_messages TO NOTICE;
SET
/* -- q1 */
SELECT * FROM pgr_edmondsKarp(
  'SELECT id, source, target, capacity, reverse_capacity
  FROM edge_table',
  6, 11);
 seq | edge | start_vid | end_vid | flow | residual_capacity
-----+------+-----------+---------+------+-------------------
   1 |   10 |         5 |      10 |  100 |                30
   2 |    8 |         6 |       5 |  100 |                30
   3 |   11 |         6 |      11 |  130 |                 0
   4 |   12 |        10 |      11 |  100 |                 0
(4 rows)

/* -- q2 */
SELECT * FROM pgr_edmondsKarp(
  'SELECT id, source, target, capacity, reverse_capacity
  FROM edge_table',
  6, ARRAY[1, 3, 11]);
 seq | edge | start_vid | end_vid | flow | residual_capacity
-----+------+-----------+---------+------+-------------------
   1 |    1 |         2 |       1 |   50 |                80
   2 |    3 |         4 |       3 |   80 |                50
   3 |    4 |         5 |       2 |   50 |                 0
   4 |   10 |         5 |      10 |   80 |                50
   5 |    8 |         6 |       5 |  130 |                 0
   6 |    9 |         6 |       9 |   80 |                50
   7 |   11 |         6 |      11 |  130 |                 0
   8 |   16 |         9 |       4 |   80 |                 0
   9 |   12 |        10 |      11 |   80 |                20
(9 rows)

/* -- q3 */
SELECT * FROM pgr_edmondsKarp(
  'SELECT id, source, target, capacity, reverse_capacity
  FROM edge_table',
  ARRAY[6, 8, 12], 11);
 seq | edge | start_vid | end_vid | flow | residual_capacity
-----+------+-----------+---------+------+-------------------
   1 |   10 |         5 |      10 |  100 |                30
   2 |    8 |         6 |       5 |  100 |                30
   3 |   11 |         6 |      11 |  130 |                 0
   4 |   12 |        10 |      11 |  100 |                 0
(4 rows)

/* -- q4 */
SELECT * FROM pgr_edmondsKarp(
  'SELECT id, source, target, capacity, reverse_capacity
  FROM edge_table',
  ARRAY[6, 8, 12], ARRAY[1, 3, 11]);
 seq | edge | start_vid | end_vid | flow | residual_capacity
-----+------+-----------+---------+------+-------------------
   1 |    1 |         2 |       1 |   50 |                80
   2 |    3 |         4 |       3 |   80 |                50
   3 |    4 |         5 |       2 |   50 |                 0
   4 |   10 |         5 |      10 |  100 |                30
   5 |    8 |         6 |       5 |  130 |                 0
   6 |    9 |         6 |       9 |   80 |                50
   7 |   11 |         6 |      11 |  130 |                 0
   8 |    7 |         8 |       5 |   20 |                30
   9 |   16 |         9 |       4 |   80 |                 0
  10 |   12 |        10 |      11 |  100 |                 0
(10 rows)

/* -- q5 */
SELECT source, target FROM combinations_table;
 source | target
--------+--------
      1 |      2
      1 |      3
      2 |      1
      2 |      4
      2 |     17
(5 rows)

/* -- q51 */
SELECT * FROM pgr_edmondsKarp(
  'SELECT id, source, target, capacity, reverse_capacity
   FROM edge_table',
  'SELECT * FROM combinations_table);
/* -- q6 */
SELECT * FROM pgr_edmondsKarp(
  'SELECT id, source, target, capacity, reverse_capacity
  FROM edge_table',
  'SELECT * FROM (VALUES (1, 3), (2, 4), (2, 17)) AS t(source, target)');
/* -- q7 */

ROLLBACK;
ERROR:  syntax error at or near "SELECT"
LINE 8:   'SELECT id, source, target, capacity, reverse_capacity
           ^
