BEGIN;
BEGIN
SET client_min_messages TO NOTICE;
SET
-- q1
SELECT * FROM pgr_edwardMoore(
    'SELECT id, source, target, cost, reverse_cost FROM edge_table',
    2, 3
);
 seq | path_seq | node | edge | cost | agg_cost 
-----+----------+------+------+------+----------
   1 |        1 |    2 |    4 |    1 |        0
   2 |        2 |    5 |    8 |    1 |        1
   3 |        3 |    6 |    9 |    1 |        2
   4 |        4 |    9 |   16 |    1 |        3
   5 |        5 |    4 |    3 |    1 |        4
   6 |        6 |    3 |   -1 |    0 |        5
(6 rows)

-- q2
SELECT * FROM pgr_edwardMoore(
    'SELECT id, source, target, cost, reverse_cost FROM edge_table',
    2, 3,
    FALSE
);
 seq | path_seq | node | edge | cost | agg_cost 
-----+----------+------+------+------+----------
   1 |        1 |    2 |    2 |    1 |        0
   2 |        2 |    3 |   -1 |    0 |        1
(2 rows)

-- q3
SELECT * FROM pgr_edwardMoore(
    'SELECT id, source, target, cost FROM edge_table',
    2, ARRAY[3,5],
    FALSE
);
 seq | path_seq | end_vid | node | edge | cost | agg_cost 
-----+----------+---------+------+------+------+----------
   1 |        1 |       3 |    2 |    4 |    1 |        0
   2 |        2 |       3 |    5 |    8 |    1 |        1
   3 |        3 |       3 |    6 |    5 |    1 |        2
   4 |        4 |       3 |    3 |   -1 |    0 |        3
   5 |        1 |       5 |    2 |    4 |    1 |        0
   6 |        2 |       5 |    5 |   -1 |    0 |        1
(6 rows)

-- q4
SELECT * FROM pgr_edwardMoore(
    'SELECT id, source, target, cost, reverse_cost FROM edge_table',
    ARRAY[2,11], 5
);
 seq | path_seq | start_vid | node | edge | cost | agg_cost 
-----+----------+-----------+------+------+------+----------
   1 |        1 |         2 |    2 |    4 |    1 |        0
   2 |        2 |         2 |    5 |   -1 |    0 |        1
   3 |        1 |        11 |   11 |   13 |    1 |        0
   4 |        2 |        11 |   12 |   15 |    1 |        1
   5 |        3 |        11 |    9 |    9 |    1 |        2
   6 |        4 |        11 |    6 |    8 |    1 |        3
   7 |        5 |        11 |    5 |   -1 |    0 |        4
(7 rows)

-- q5
SELECT * FROM pgr_edwardMoore(
    'SELECT id, source, target, cost, reverse_cost FROM edge_table',
    ARRAY[2,11], ARRAY[3,5],
    FALSE
);
 seq | path_seq | start_vid | end_vid | node | edge | cost | agg_cost 
-----+----------+-----------+---------+------+------+------+----------
   1 |        1 |         2 |       3 |    2 |    2 |    1 |        0
   2 |        2 |         2 |       3 |    3 |   -1 |    0 |        1
   3 |        1 |         2 |       5 |    2 |    4 |    1 |        0
   4 |        2 |         2 |       5 |    5 |   -1 |    0 |        1
   5 |        1 |        11 |       3 |   11 |   11 |    1 |        0
   6 |        2 |        11 |       3 |    6 |    5 |    1 |        1
   7 |        3 |        11 |       3 |    3 |   -1 |    0 |        2
   8 |        1 |        11 |       5 |   11 |   11 |    1 |        0
   9 |        2 |        11 |       5 |    6 |    8 |    1 |        1
  10 |        3 |        11 |       5 |    5 |   -1 |    0 |        2
(10 rows)

-- q6
-- q7
SELECT * FROM pgr_edwardMoore(
    'SELECT id, source, target, cost, reverse_cost FROM edge_table',
    2, 3
);
 seq | path_seq | node | edge | cost | agg_cost 
-----+----------+------+------+------+----------
   1 |        1 |    2 |    4 |    1 |        0
   2 |        2 |    5 |    8 |    1 |        1
   3 |        3 |    6 |    9 |    1 |        2
   4 |        4 |    9 |   16 |    1 |        3
   5 |        5 |    4 |    3 |    1 |        4
   6 |        6 |    3 |   -1 |    0 |        5
(6 rows)

SELECT * FROM pgr_edwardMoore(
    'SELECT id, source, target, cost, reverse_cost FROM edge_table',
    2, 5
);
 seq | path_seq | node | edge | cost | agg_cost 
-----+----------+------+------+------+----------
   1 |        1 |    2 |    4 |    1 |        0
   2 |        2 |    5 |   -1 |    0 |        1
(2 rows)

SELECT * FROM pgr_edwardMoore(
    'SELECT id, source, target, cost, reverse_cost FROM edge_table',
    2, ARRAY[3,5]
);
 seq | path_seq | end_vid | node | edge | cost | agg_cost 
-----+----------+---------+------+------+------+----------
   1 |        1 |       3 |    2 |    4 |    1 |        0
   2 |        2 |       3 |    5 |    8 |    1 |        1
   3 |        3 |       3 |    6 |    9 |    1 |        2
   4 |        4 |       3 |    9 |   16 |    1 |        3
   5 |        5 |       3 |    4 |    3 |    1 |        4
   6 |        6 |       3 |    3 |   -1 |    0 |        5
   7 |        1 |       5 |    2 |    4 |    1 |        0
   8 |        2 |       5 |    5 |   -1 |    0 |        1
(8 rows)

SELECT * FROM pgr_edwardMoore(
    'SELECT id, source, target, cost, reverse_cost FROM edge_table',
    11, 3
);
 seq | path_seq | node | edge | cost | agg_cost 
-----+----------+------+------+------+----------
   1 |        1 |   11 |   13 |    1 |        0
   2 |        2 |   12 |   15 |    1 |        1
   3 |        3 |    9 |   16 |    1 |        2
   4 |        4 |    4 |    3 |    1 |        3
   5 |        5 |    3 |   -1 |    0 |        4
(5 rows)

SELECT * FROM pgr_edwardMoore(
    'SELECT id, source, target, cost, reverse_cost FROM edge_table',
    11, 5
);
 seq | path_seq | node | edge | cost | agg_cost 
-----+----------+------+------+------+----------
   1 |        1 |   11 |   13 |    1 |        0
   2 |        2 |   12 |   15 |    1 |        1
   3 |        3 |    9 |    9 |    1 |        2
   4 |        4 |    6 |    8 |    1 |        3
   5 |        5 |    5 |   -1 |    0 |        4
(5 rows)

SELECT * FROM pgr_edwardMoore(
    'SELECT id, source, target, cost, reverse_cost FROM edge_table',
    ARRAY[2,11], 5
);
 seq | path_seq | start_vid | node | edge | cost | agg_cost 
-----+----------+-----------+------+------+------+----------
   1 |        1 |         2 |    2 |    4 |    1 |        0
   2 |        2 |         2 |    5 |   -1 |    0 |        1
   3 |        1 |        11 |   11 |   13 |    1 |        0
   4 |        2 |        11 |   12 |   15 |    1 |        1
   5 |        3 |        11 |    9 |    9 |    1 |        2
   6 |        4 |        11 |    6 |    8 |    1 |        3
   7 |        5 |        11 |    5 |   -1 |    0 |        4
(7 rows)

SELECT * FROM pgr_edwardMoore(
    'SELECT id, source, target, cost, reverse_cost FROM edge_table',
    ARRAY[2, 11], ARRAY[3,5]
);
 seq | path_seq | start_vid | end_vid | node | edge | cost | agg_cost 
-----+----------+-----------+---------+------+------+------+----------
   1 |        1 |         2 |       3 |    2 |    4 |    1 |        0
   2 |        2 |         2 |       3 |    5 |    8 |    1 |        1
   3 |        3 |         2 |       3 |    6 |    9 |    1 |        2
   4 |        4 |         2 |       3 |    9 |   16 |    1 |        3
   5 |        5 |         2 |       3 |    4 |    3 |    1 |        4
   6 |        6 |         2 |       3 |    3 |   -1 |    0 |        5
   7 |        1 |         2 |       5 |    2 |    4 |    1 |        0
   8 |        2 |         2 |       5 |    5 |   -1 |    0 |        1
   9 |        1 |        11 |       3 |   11 |   13 |    1 |        0
  10 |        2 |        11 |       3 |   12 |   15 |    1 |        1
  11 |        3 |        11 |       3 |    9 |   16 |    1 |        2
  12 |        4 |        11 |       3 |    4 |    3 |    1 |        3
  13 |        5 |        11 |       3 |    3 |   -1 |    0 |        4
  14 |        1 |        11 |       5 |   11 |   13 |    1 |        0
  15 |        2 |        11 |       5 |   12 |   15 |    1 |        1
  16 |        3 |        11 |       5 |    9 |    9 |    1 |        2
  17 |        4 |        11 |       5 |    6 |    8 |    1 |        3
  18 |        5 |        11 |       5 |    5 |   -1 |    0 |        4
(18 rows)

-- q8
-- q9
SELECT * FROM pgr_edwardMoore(
    'SELECT id, source, target, cost, reverse_cost FROM edge_table',
    2, 3,
    FALSE
);
 seq | path_seq | node | edge | cost | agg_cost 
-----+----------+------+------+------+----------
   1 |        1 |    2 |    2 |    1 |        0
   2 |        2 |    3 |   -1 |    0 |        1
(2 rows)

SELECT * FROM pgr_edwardMoore(
    'SELECT id, source, target, cost, reverse_cost FROM edge_table',
    2, 5,
    FALSE
);
 seq | path_seq | node | edge | cost | agg_cost 
-----+----------+------+------+------+----------
   1 |        1 |    2 |    4 |    1 |        0
   2 |        2 |    5 |   -1 |    0 |        1
(2 rows)

SELECT * FROM pgr_edwardMoore(
    'SELECT id, source, target, cost, reverse_cost FROM edge_table',
    11, 3,
    FALSE
);
 seq | path_seq | node | edge | cost | agg_cost 
-----+----------+------+------+------+----------
   1 |        1 |   11 |   11 |    1 |        0
   2 |        2 |    6 |    5 |    1 |        1
   3 |        3 |    3 |   -1 |    0 |        2
(3 rows)

SELECT * FROM pgr_edwardMoore(
    'SELECT id, source, target, cost, reverse_cost FROM edge_table',
    11, 5,
    FALSE
);
 seq | path_seq | node | edge | cost | agg_cost 
-----+----------+------+------+------+----------
   1 |        1 |   11 |   11 |    1 |        0
   2 |        2 |    6 |    8 |    1 |        1
   3 |        3 |    5 |   -1 |    0 |        2
(3 rows)

SELECT * FROM pgr_edwardMoore(
    'SELECT id, source, target, cost, reverse_cost FROM edge_table',
    ARRAY[2,11], 5,
    FALSE
);
 seq | path_seq | start_vid | node | edge | cost | agg_cost 
-----+----------+-----------+------+------+------+----------
   1 |        1 |         2 |    2 |    4 |    1 |        0
   2 |        2 |         2 |    5 |   -1 |    0 |        1
   3 |        1 |        11 |   11 |   11 |    1 |        0
   4 |        2 |        11 |    6 |    8 |    1 |        1
   5 |        3 |        11 |    5 |   -1 |    0 |        2
(5 rows)

SELECT * FROM pgr_edwardMoore(
    'SELECT id, source, target, cost, reverse_cost FROM edge_table',
    2, ARRAY[3,5],
    FALSE
);
 seq | path_seq | end_vid | node | edge | cost | agg_cost 
-----+----------+---------+------+------+------+----------
   1 |        1 |       3 |    2 |    2 |    1 |        0
   2 |        2 |       3 |    3 |   -1 |    0 |        1
   3 |        1 |       5 |    2 |    4 |    1 |        0
   4 |        2 |       5 |    5 |   -1 |    0 |        1
(4 rows)

SELECT * FROM pgr_edwardMoore(
    'SELECT id, source, target, cost, reverse_cost FROM edge_table',
    ARRAY[2, 11], ARRAY[3,5],
    FALSE
);
 seq | path_seq | start_vid | end_vid | node | edge | cost | agg_cost 
-----+----------+-----------+---------+------+------+------+----------
   1 |        1 |         2 |       3 |    2 |    2 |    1 |        0
   2 |        2 |         2 |       3 |    3 |   -1 |    0 |        1
   3 |        1 |         2 |       5 |    2 |    4 |    1 |        0
   4 |        2 |         2 |       5 |    5 |   -1 |    0 |        1
   5 |        1 |        11 |       3 |   11 |   11 |    1 |        0
   6 |        2 |        11 |       3 |    6 |    5 |    1 |        1
   7 |        3 |        11 |       3 |    3 |   -1 |    0 |        2
   8 |        1 |        11 |       5 |   11 |   11 |    1 |        0
   9 |        2 |        11 |       5 |    6 |    8 |    1 |        1
  10 |        3 |        11 |       5 |    5 |   -1 |    0 |        2
(10 rows)

-- q10
-- q11
SELECT * FROM pgr_edwardMoore(
    'SELECT id, source, target, cost FROM edge_table',
    2, 3
);
 seq | path_seq | node | edge | cost | agg_cost 
-----+----------+------+------+------+----------
(0 rows)

SELECT * FROM pgr_edwardMoore(
    'SELECT id, source, target, cost FROM edge_table',
    2, 5
);
 seq | path_seq | node | edge | cost | agg_cost 
-----+----------+------+------+------+----------
   1 |        1 |    2 |    4 |    1 |        0
   2 |        2 |    5 |   -1 |    0 |        1
(2 rows)

SELECT * FROM pgr_edwardMoore(
    'SELECT id, source, target, cost FROM edge_table',
    11, 3
);
 seq | path_seq | node | edge | cost | agg_cost 
-----+----------+------+------+------+----------
(0 rows)

SELECT * FROM pgr_edwardMoore(
    'SELECT id, source, target, cost FROM edge_table',
    11, 5
);
 seq | path_seq | node | edge | cost | agg_cost 
-----+----------+------+------+------+----------
(0 rows)

SELECT * FROM pgr_edwardMoore(
    'SELECT id, source, target, cost FROM edge_table',
    ARRAY[2,11], 5
);
 seq | path_seq | start_vid | node | edge | cost | agg_cost 
-----+----------+-----------+------+------+------+----------
   1 |        1 |         2 |    2 |    4 |    1 |        0
   2 |        2 |         2 |    5 |   -1 |    0 |        1
(2 rows)

SELECT * FROM pgr_edwardMoore(
    'SELECT id, source, target, cost FROM edge_table',
    2, ARRAY[3,5]
);
 seq | path_seq | end_vid | node | edge | cost | agg_cost 
-----+----------+---------+------+------+------+----------
   1 |        1 |       5 |    2 |    4 |    1 |        0
   2 |        2 |       5 |    5 |   -1 |    0 |        1
(2 rows)

SELECT * FROM pgr_edwardMoore(
    'SELECT id, source, target, cost FROM edge_table',
    ARRAY[2, 11], ARRAY[3,5]
);
 seq | path_seq | start_vid | end_vid | node | edge | cost | agg_cost 
-----+----------+-----------+---------+------+------+------+----------
   1 |        1 |         2 |       5 |    2 |    4 |    1 |        0
   2 |        2 |         2 |       5 |    5 |   -1 |    0 |        1
(2 rows)

-- q12
-- q13
SELECT * FROM pgr_edwardMoore(
    'SELECT id, source, target, cost FROM edge_table',
    2, 3,
    FALSE
);
 seq | path_seq | node | edge | cost | agg_cost 
-----+----------+------+------+------+----------
   1 |        1 |    2 |    4 |    1 |        0
   2 |        2 |    5 |    8 |    1 |        1
   3 |        3 |    6 |    5 |    1 |        2
   4 |        4 |    3 |   -1 |    0 |        3
(4 rows)

SELECT * FROM pgr_edwardMoore(
    'SELECT id, source, target, cost FROM edge_table',
    2, 5,
    FALSE
);
 seq | path_seq | node | edge | cost | agg_cost 
-----+----------+------+------+------+----------
   1 |        1 |    2 |    4 |    1 |        0
   2 |        2 |    5 |   -1 |    0 |        1
(2 rows)

SELECT * FROM pgr_edwardMoore(
    'SELECT id, source, target, cost FROM edge_table',
    11, 3,
    FALSE
);
 seq | path_seq | node | edge | cost | agg_cost 
-----+----------+------+------+------+----------
   1 |        1 |   11 |   11 |    1 |        0
   2 |        2 |    6 |    5 |    1 |        1
   3 |        3 |    3 |   -1 |    0 |        2
(3 rows)

SELECT * FROM pgr_edwardMoore(
    'SELECT id, source, target, cost FROM edge_table',
    11, 5,
    FALSE
);
 seq | path_seq | node | edge | cost | agg_cost 
-----+----------+------+------+------+----------
   1 |        1 |   11 |   11 |    1 |        0
   2 |        2 |    6 |    8 |    1 |        1
   3 |        3 |    5 |   -1 |    0 |        2
(3 rows)

SELECT * FROM pgr_edwardMoore(
    'SELECT id, source, target, cost FROM edge_table',
    ARRAY[2,11], 5,
    FALSE
);
 seq | path_seq | start_vid | node | edge | cost | agg_cost 
-----+----------+-----------+------+------+------+----------
   1 |        1 |         2 |    2 |    4 |    1 |        0
   2 |        2 |         2 |    5 |   -1 |    0 |        1
   3 |        1 |        11 |   11 |   11 |    1 |        0
   4 |        2 |        11 |    6 |    8 |    1 |        1
   5 |        3 |        11 |    5 |   -1 |    0 |        2
(5 rows)

SELECT * FROM pgr_edwardMoore(
    'SELECT id, source, target, cost FROM edge_table',
    2, ARRAY[3,5],
    FALSE
);
 seq | path_seq | end_vid | node | edge | cost | agg_cost 
-----+----------+---------+------+------+------+----------
   1 |        1 |       3 |    2 |    4 |    1 |        0
   2 |        2 |       3 |    5 |    8 |    1 |        1
   3 |        3 |       3 |    6 |    5 |    1 |        2
   4 |        4 |       3 |    3 |   -1 |    0 |        3
   5 |        1 |       5 |    2 |    4 |    1 |        0
   6 |        2 |       5 |    5 |   -1 |    0 |        1
(6 rows)

SELECT * FROM pgr_edwardMoore(
    'SELECT id, source, target, cost FROM edge_table',
    ARRAY[2, 11], ARRAY[3,5],
    FALSE
);
 seq | path_seq | start_vid | end_vid | node | edge | cost | agg_cost 
-----+----------+-----------+---------+------+------+------+----------
   1 |        1 |         2 |       3 |    2 |    4 |    1 |        0
   2 |        2 |         2 |       3 |    5 |    8 |    1 |        1
   3 |        3 |         2 |       3 |    6 |    5 |    1 |        2
   4 |        4 |         2 |       3 |    3 |   -1 |    0 |        3
   5 |        1 |         2 |       5 |    2 |    4 |    1 |        0
   6 |        2 |         2 |       5 |    5 |   -1 |    0 |        1
   7 |        1 |        11 |       3 |   11 |   11 |    1 |        0
   8 |        2 |        11 |       3 |    6 |    5 |    1 |        1
   9 |        3 |        11 |       3 |    3 |   -1 |    0 |        2
  10 |        1 |        11 |       5 |   11 |   11 |    1 |        0
  11 |        2 |        11 |       5 |    6 |    8 |    1 |        1
  12 |        3 |        11 |       5 |    5 |   -1 |    0 |        2
(12 rows)

-- q14
ROLLBACK;
ROLLBACK